numexp,Temperature,Age,dUFCCong,dtpH07Cong,dtpH07speCong,dUFCLyo,dtpH07Lyo,dtpH07speLyo,dUFCSto3,dtpH07Sto3,dtpH07speSto3,Anisotropie,UFA,SFA,CFA,UFASFA,CFASFA,CFAUFA,ATPprotonmotiveforceinterconversion,Adaptationsandatypicalconditions,Cations,Chaperones,Detoxification,Electrontransport,General,Membraneslipoproteinsandporins,Multidrugresistance,Mureinsacculusandpeptidoglycan,Siderophorebiosynthesis,Thioredoxinglutaredoxinandglutathione
Autre,condition,condition,PopUFC,PoptpH07,PoptpH07spe,PopUFC,PoptpH07,PoptpH07spe,PopUFC,PoptpH07,PoptpH07spe,CellAniso,Cell,Cell,Cell,Cell,Cell,Cell,Bolotin,Bolotin,Bolotin,Bolotin,Bolotin,Bolotin,Bolotin,Bolotin,Bolotin,Bolotin,Bolotin,Bolotin
0,0,0,0,0,0,0,0,0,0,0,0,0.02,1,1,1,0.02,0.02,0.02,0,0,0,0,0,0,0,0,0,0,0,0
1,22,3,-1.31E+11,-1.40E+01,1.01E-08,-1.70E+10,1.47E+02,2.99E-08,-11890000000,526,9.36E-06,0.145,12.89147277,54.50056307,32.56466285,0.236538341,0.597510576,2.526062261,51047,87228,43378,16468,21985,16202,27924,12353,6703.5,18647,1131.1,5877.3
3,22,3,-2.61E+11,-6.00E+00,7.78E-09,-3.06E+10,1.76E+02,5.36E-08,-8381000000,579,5.81E-05,0.138,13.3209555,56.34008419,30.33456861,0.236438331,0.538418944,2.277206663,30532,1.33E+05,44086,12804,34798,15742,16715,13108,5869,21954,1705,7626
4,22,4,-2.15E+11,-6.00E+00,8.83E-09,-2.51E+10,7.10E+01,3.32E-08,-9700000000,408,4.15E-06,0.172,6.473103166,58.73935254,34.78248965,0.110200451,0.592149694,5.373387193,32515,93469,49497,16899,24067,17959,24119,11690,6684.2,21982,1228.7,7875.7
6,22,4,-1.78E+11,-1.50E+01,8.83E-09,-1.80E+10,1.20E+02,2.21E-08,-13700000000,560,3.35E-06,0.164,6.067758331,57.49156546,36.43883371,0.105541714,0.63381182,6.005320536,8328.8,1.45E+05,48662,12388,34320,14834,14602,16582,5894.9,22905,1274.4,7261.1
13,30,3,-1.20E+11,-2.30E+01,9.31E-09,-1.90E+10,1.44E+02,3.35E-08,-10890000000,641,1.03E-05,0.164,8.693618492,56.14304643,35.05870305,0.154847644,0.624453165,4.032693991,27755,97910,42646,16840,24024,18874,26768,10766,7286.7,18625,1169.4,7427.2
14,30,3,-5.49E+11,-1.30E+01,6.53E-09,-4.00E+10,8.80E+01,3.40E-08,-10310000000,379,1.16E-06,0.164,9.508911624,56.56575294,33.92214834,0.168103687,0.599694101,3.567405996,9889,1.74E+05,43456,18449,37367,16268,14958,11549,5209.8,20736,1282.4,8910.4
17,30,4,-1.48E+11,-4.00E+00,9.66E-09,-1.90E+10,2.60E+01,1.92E-08,-11700000000,425,6.06E-07,0.174,3.649897408,63.16737327,33.17977145,0.057781371,0.525267551,9.090603856,31672,93914,43732,18036,24368,18445,28157,11870,6398.8,20129,1091.1,7058.4
18,30,4,-1.95E+11,-7.00E+00,9.13E-09,-2.55E+10,6.00E+01,3.53E-08,-9150000000,681,3.15E-06,0.17,3.649882932,62.18617735,34.15988273,0.058692833,0.54931633,9.359172162,19996,1.95E+05,34980,19543,36324,18189,14133,11100,3723.2,17297,1810.4,10996
2,22,3,-1.39E+11,-4.00E+00,9.98E-09,-2.39E+10,1.34E+02,6.00E-08,-6940000000,630,7.07E-06,0.134,15.5392301,56.30205632,28.15433144,0.275997559,0.500058671,1.811822804,40063,1.13E+05,40445,15301,28555,16079,18818,11983,5594.6,19347,1456.6,6976.1
5,22,4,-1.95E+11,-1.60E+01,8.50E-09,-2.83E+10,1.13E+02,5.96E-08,-6450000000,519,3.87E-06,0.171,6.995972131,59.25924372,33.68920363,0.118057061,0.56850546,4.81551427,27821,1.68E+05,42719,29197,28076,18555,19072,11944,5017.7,18651,1810.6,10128
15,30,3,-2.61E+11,-9.00E+00,8.47E-09,-2.80E+10,7.00E+01,3.12E-08,-10922000000,551,1.28E-05,0.169,9.881483195,55.37515265,34.73922532,0.178446157,0.627343197,3.51558816,7335.7,1.70E+05,41090,13743,36702,14494,13456,11331,4960.4,20265,1174.8,7790.7
16,30,4,-1.57E+11,-1.60E+01,9.49E-09,-1.70E+10,7.00E+01,1.67E-08,-15000000000,370,7.94E-07,0.163,3.577958583,62.42599358,33.99308381,0.057315204,0.544534125,9.50069237,43291,1.07E+05,37715,29325,25935,14760,21707,11887,5432.8,18063,1124,5650.6